{
  "auc_roc": 0.5,
  "precision": 0.5,
  "recall": 1.0,
  "f1": 0.6666666666666666,
  "accuracy": 0.5,
  "version": "v1",
  "saved_at": "2026-06-09T22:20:52.651896+00:00"
}